#### 数据准备
```
DROP TABLE IF EXISTS `student_scores`;
create table student_scores
(
    ID Int AUTO_INCREMENT COMMENT 'create column id and once add a row id add one',
    Name Varchar(50),   
    Subject Varchar(50),
    Result Int,  
    primary key (ID) COMMENT 'make id is key for student_scores'      
) AUTO_INCREMENT = 1 COMMENT='student scores';

另外添加表注释
COMMENT ON TABLE student_scores IS 'student scores'

mysql> DROP TABLE IF EXISTS `student_scores`;
Query OK, 0 rows affected (0.04 sec)

mysql> create table student_scores
    -> (
    ->     ID Int AUTO_INCREMENT COMMENT 'create column id and once add a row id add one',
    ->     Name Varchar(50),
    ->     Subject Varchar(50),
    ->     Result Int,
    ->     primary key (ID) COMMENT 'make id is key for student_scores'
    -> ) AUTO_INCREMENT = 1 COMMENT='student scores';
Query OK, 0 rows affected (0.07 sec)

添加数据
Insert into student_scores
Select 1,'张三','语文',80 union all 
Select 2,'张三','数学',90 union all
Select 3,'李四','数学',82 union all
Select 4,'李四','英语',90 ;

mysql> Insert into student_scores
    -> Select 1,'张三','语文',80 union all
    -> Select 2,'张三','数学',90 union all
    -> Select 3,'李四','数学',82 union all
    -> Select 4,'李四','英语',90 ;
Query OK, 4 rows affected (0.01 sec)
Records: 4  Duplicates: 0  Warnings: 0

mysql> select * from student_scores;
+----+------+---------+--------+
| ID | Name | Subject | Result |
+----+------+---------+--------+
|  1 | 张三 | 语文    |     80 |
|  2 | 张三 | 数学    |     90 |
|  3 | 李四 | 数学    |     82 |
|  4 | 李四 | 英语    |     90 |
+----+------+---------+--------+
4 rows in set (0.00 sec)
```
### 行列转换
#### 行转列（静态SQL语句写法）
整理报表需要的格式
```
select Name,
case Subject when '语文' then Result when null then 0 end as 语文,
case Subject when '数学' then Result when null then 0 end as 数学,
case Subject when '英语' then Result when null then 0 end as 英语
from student_scores;

mysql> select Name,
    -> case Subject when '语文' then Result when null then 0 end as 语文,
    -> case Subject when '数学' then Result when null then 0 end as 数学,
    -> case Subject when '英语' then Result when null then 0 end as 英语
    -> from student_scores;
+------+------+------+------+
| Name | 语文 | 数学 | 英语 |
+------+------+------+------+
| 张三 |   80 | NULL | NULL |
| 张三 | NULL |   90 | NULL |
| 李四 | NULL |   82 | NULL |
| 李四 | NULL | NULL |   90 |
+------+------+------+------+
4 rows in set (0.00 sec)
```
按科目汇总行
```
select Name,
sum(case Subject when '语文' then Result when null then 0 end) as 语文,
sum(case Subject when '数学' then Result when null then 0 end) as 数学,
sum(case Subject when '英语' then Result when null then 0 end) as 英语
from student_scores 
group by Name;

mysql> select Name,
    -> sum(case Subject when '语文' then Result when null then 0 end) as 语文,
    -> sum(case Subject when '数学' then Result when null then 0 end) as 数学,
    -> sum(case Subject when '英语' then Result when null then 0 end) as 英语
    -> from student_scores
    -> group by Name;
+------+------+------+------+
| Name | 语文 | 数学 | 英语 |
+------+------+------+------+
| 张三 |   80 |   90 | NULL |
| 李四 | NULL |   82 |   90 |
+------+------+------+------+
2 rows in set (0.00 sec)
```
处理数据：将空值的栏位填入数字0
```
select Name,
ifnull (sum(case Subject when '语文' then Result when null then 0 end),0) as 语文,
ifnull (sum(case Subject when '数学' then Result when null then 0 end),0) as 数学,
ifnull (sum(case Subject when '英语' then Result when null then 0 end),0) as 英语
from student_scores 
group by Name;

mysql> select Name,
    -> ifnull (sum(case Subject when '语文' then Result when null then 0 end),0) as 语文,
    -> ifnull (sum(case Subject when '数学' then Result when null then 0 end),0) as 数学,
    -> ifnull (sum(case Subject when '英语' then Result when null then 0 end),0) as 英语
    -> from student_scores
    -> group by Name;
+------+------+------+------+
| Name | 语文 | 数学 | 英语 |
+------+------+------+------+
| 张三 |   80 |   90 |    0 |
| 李四 |    0 |   82 |   90 |
+------+------+------+------+
2 rows in set (0.00 sec)
```

#### 行转列2
```
select Name,
sum(if(Subject='语文',Result,0)) as '语文',
sum(if(Subject='数学',Result,0)) as '数学',
max(if(Subject='英语',Result,0)) as '英语'
from student_scores
group by Name;

mysql> select Name,
    -> sum(if(Subject='语文',Result,0)) as '语文',
    -> sum(if(Subject='数学',Result,0)) as '数学',
    -> max(if(Subject='英语',Result,0)) as '英语'
    -> from student_scores
    -> group by Name;
+------+------+------+------+
| Name | 语文 | 数学 | 英语 |
+------+------+------+------+
| 张三 |   80 |   90 |    0 |
| 李四 |    0 |   82 |   90 |
+------+------+------+------+
2 rows in set (0.00 sec)
```
#### 行转列3（小计）
```
select Name,
sum(if(Subject='语文',Result,0)) as '语文',
sum(if(Subject='数学',Result,0)) as '数学',
sum(if(Subject='英语',Result,0)) as '英语',
SUM(Result) AS TOTAL
from student_scores
group by Name
union
select 'total',
sum(if(Subject='语文',Result,0)) as '语文',
sum(if(Subject='数学',Result,0)) as '数学',
sum(if(Subject='英语',Result,0)) as '英语',
SUM(Result)
from student_scores;

mysql> select Name,
    -> sum(if(Subject='语文',Result,0)) as '语文',
    -> sum(if(Subject='数学',Result,0)) as '数学',
    -> sum(if(Subject='英语',Result,0)) as '英语',
    -> SUM(Result) AS TOTAL
    -> from student_scores
    -> group by Name
    -> union
    -> select 'total',
    -> sum(if(Subject='语文',Result,0)) as '语文',
    -> sum(if(Subject='数学',Result,0)) as '数学',
    -> sum(if(Subject='英语',Result,0)) as '英语',
    -> SUM(Result)
    -> from student_scores;
+-------+------+------+------+-------+
| Name  | 语文 | 数学 | 英语 | TOTAL |
+-------+------+------+------+-------+
| 张三  |   80 |   90 |    0 |   170 |
| 李四  |    0 |   82 |   90 |   172 |
| total |   80 |  172 |   90 |   342 |
+-------+------+------+------+-------+
3 rows in set (0.01 sec)
```

#### 行转列4(分类统计)
```
select Name,
sum(if(Subject='语文' OR Subject='英语',Result,0)) as '双语',
sum(if(Subject='数学',Result,0)) as '数学'
from student_scores
group by Name;

mysql> select Name,
    -> sum(if(Subject='语文' OR Subject='英语',Result,0)) as '双语',
    -> sum(if(Subject='数学',Result,0)) as '数学'
    -> from student_scores
    -> group by Name;
+------+------+------+
| Name | 双语 | 数学 |
+------+------+------+
| 张三 |   80 |   90 |
| 李四 |   90 |   82 |
+------+------+------+
2 rows in set (0.00 sec)
```

#### 列转行
数据准备
```
drop table if exists student_scores2;
create table if not exists student_scores2
select Name,
sum(if(Subject='语文',Result,0)) as '语文',
sum(if(Subject='数学',Result,0)) as '数学',
sum(if(Subject='英语',Result,0)) as '英语'
from student_scores
group by Name;

select * from student_scores2;

mysql> drop table if exists student_scores2;
Query OK, 0 rows affected, 1 warning (0.01 sec)

mysql> create table if not exists student_scores2
    -> select Name,
    -> sum(if(Subject='语文',Result,0)) as '语文',
    -> sum(if(Subject='数学',Result,0)) as '数学',
    -> sum(if(Subject='英语',Result,0)) as '英语'
    -> from student_scores
    -> group by Name;
Query OK, 2 rows affected (0.08 sec)
Records: 2  Duplicates: 0  Warnings: 0

mysql>
mysql> select * from student_scores2;
+------+------+------+------+
| Name | 语文 | 数学 | 英语 |
+------+------+------+------+
| 张三 |   80 |   90 |    0 |
| 李四 |    0 |   82 |   90 |
+------+------+------+------+
2 rows in set (0.00 sec)
```
转换
```
select Name, '语文' as Subject, `语文` as Result from student_scores2
union all
select Name, '数学' as Subject, `数学` as Result from student_scores2
union all
select Name, '英语' as Subject, 英语 as Result from student_scores2;

mysql> select Name, '语文' as Subject, `语文` as Result from student_scores2
    -> union all
    -> select Name, '数学' as Subject, `数学` as Result from student_scores2
    -> union all
    -> select Name, '英语' as Subject, 英语 as Result from student_scores2;
+------+---------+--------+
| Name | Subject | Result |
+------+---------+--------+
| 张三 | 语文    |     80 |
| 李四 | 语文    |      0 |
| 张三 | 数学    |     90 |
| 李四 | 数学    |     82 |
| 张三 | 英语    |      0 |
| 李四 | 英语    |     90 |
+------+---------+--------+
6 rows in set (0.00 sec)
```

### 沿原点旋转
```
-- Step1:数据准备
-- Step2:中间转换，即“二维转一维”得到一维表。
-- Step3:利用IF判断并“group by”即可得到目标结果表。

mysql> select * from student_scores2;
+------+------+------+------+
| Name | 语文 | 数学 | 英语 |
+------+------+------+------+
| 张三 |   80 |   90 |    0 |
| 李四 |    0 |   82 |   90 |
+------+------+------+------+
2 rows in set (0.00 sec)

-- 查询生成目标表

SELECT
c2 AS '课程',
SUM(IF(c1='张三',c3,0)) AS '张三',
SUM(IF(c1='李四',c3,0)) AS '李四'
from(
select name as c1, '语文' as c2, 语文 as c3 from student_scores2 group by name
Union 
select name as c1, '数学' as c2, 数学 as c3 from student_scores2 group by name
Union 
select name as c1, '英语' as c2, 英语 as c3 from student_scores2 group by name
) AS tx group by c2;

mysql> SELECT
    -> c2 AS '课程',
    -> SUM(IF(c1='张三',c3,0)) AS '张三',
    -> SUM(IF(c1='李四',c3,0)) AS '李四'
    -> from(
    -> select name as c1, '语文' as c2, 语文 as c3 from student_scores2 group by name
    -> Union
    -> select name as c1, '数学' as c2, 数学 as c3 from student_scores2 group by name
    -> Union
    -> select name as c1, '英语' as c2, 英语 as c3 from student_scores2 group by name
    -> ) AS tx group by c2;
+------+------+------+
| 课程 | 张三 | 李四 |
+------+------+------+
| 语文 |   80 |    0 |
| 数学 |   90 |   82 |
| 英语 |    0 |   90 |
+------+------+------+
3 rows in set (0.00 sec)
```